{
	"Version": 3,
	"Meta": {
		"PhysicsSettingCount": 1,
		"TotalInputCount": 3,
		"TotalOutputCount": 1,
		"VertexCount": 2,
		"Fps": 60,
		"EffectiveForces": {
			"Gravity": {
				"X": 0,
				"Y": -1
			},
			"Wind": {
				"X": 0,
				"Y": 0
			}
		},
		"PhysicsDictionary": [
			{
				"Id": "PhysicsSetting1",
				"Name": "tail"
			}
		]
	},
	"PhysicsSettings": [
		{
			"Id": "PhysicsSetting1",
			"Input": [
				{
					"Source": {
						"Target": "Parameter",
						"Id": "ParamBreath"
					},
					"Weight": 27,
					"Type": "Angle",
					"Reflect": false
				},
				{
					"Source": {
						"Target": "Parameter",
						"Id": "ParamEyeBallX"
					},
					"Weight": 87,
					"Type": "X",
					"Reflect": false
				},
				{
					"Source": {
						"Target": "Parameter",
						"Id": "ParamEyeBallY"
					},
					"Weight": 13,
					"Type": "X",
					"Reflect": false
				}
			],
			"Output": [
				{
					"Destination": {
						"Target": "Parameter",
						"Id": "Param"
					},
					"VertexIndex": 1,
					"Scale": 14.198,
					"Weight": 100,
					"Type": "Angle",
					"Reflect": false
				}
			],
			"Vertices": [
				{
					"Position": {
						"X": 0,
						"Y": 0
					},
					"Mobility": 1,
					"Delay": 1,
					"Acceleration": 1,
					"Radius": 0
				},
				{
					"Position": {
						"X": 0,
						"Y": 100
					},
					"Mobility": 0.01,
					"Delay": 10,
					"Acceleration": 0.1,
					"Radius": 100
				}
			],
			"Normalization": {
				"Position": {
					"Minimum": -100,
					"Default": 0,
					"Maximum": 100
				},
				"Angle": {
					"Minimum": -180,
					"Default": 0,
					"Maximum": 180
				}
			}
		}
	]
}